cdc_id,title,landing_page
150969,"Coping With Discrimination Among African Americans With Type 2 Diabetes: Factor Structure and Associations With Diabetes Control, Mental Distress, and Psychosocial Resources",https://stacks.cdc.gov/view/cdc/150969
151083,"Prevalence of Testing for Diabetes Among US Adults With Overweight or Obesity, 2016–2019",https://stacks.cdc.gov/view/cdc/151083
151112,"Factors Influencing the Referral of Patients with Prediabetes to a Diabetes Prevention Program in the Bronx, New York",https://stacks.cdc.gov/view/cdc/151112
151110,"Trends and Predictors of Glycemic Control Among Adults With Type 2 Diabetes Covered by Alabama Medicaid, 2011–2019",https://stacks.cdc.gov/view/cdc/151110
151104,"Public Belief in the Maternal Health Benefits of Breastfeeding — United States, 2018 and 2021",https://stacks.cdc.gov/view/cdc/151104
151020,Development and Evaluation of the Delivery-Based HEALED Produce Rx Program for Uninsured Patients With Diabetes in Rural Eastern North Carolina,https://stacks.cdc.gov/view/cdc/151020
150999,Risk Prediction Score for Chronic Kidney Disease in Healthy Adults and Adults With Type 2 Diabetes: Systematic Review,https://stacks.cdc.gov/view/cdc/150999
150995,"“Make Stories That Will Always Be There”: Eagle Books’ Appeal, Sustainability, and Contributions to Public Health, 2006–2022",https://stacks.cdc.gov/view/cdc/150995
150982,Using Patient Profiles for Sustained Diabetes Management Among People With Type 2 Diabetes,https://stacks.cdc.gov/view/cdc/150982
120395,Urban–Rural Differences in Health Care Utilization and COVID-19 Outcomes in Patients With Type 2 Diabetes,https://stacks.cdc.gov/view/cdc/120395
113215,Type 2 Diabetes Among Filipino American Adults in the Multiethnic Cohort,https://stacks.cdc.gov/view/cdc/113215
84978,Evidence-Based Interventions for High Blood Pressure and Glycemic Control Among Illinois Health Systems,https://stacks.cdc.gov/view/cdc/84978
55292,Outcomes and Economic Benefits of Penn State Extension’s Dining With Diabetes Program,https://stacks.cdc.gov/view/cdc/55292
54001,Health Care Disparities Between Men and Women With Type 2 Diabetes,https://stacks.cdc.gov/view/cdc/54001
53200,When Should “Pre” Carry as Much Weight in the Diabetes Comorbidity Debate? Insights From a Population-Based Survey,https://stacks.cdc.gov/view/cdc/53200
52337,"Implementing Key Drivers for Diabetes Self-Management Education and Support Programs: Early Outcomes, Activities, Facilitators, and Barriers",https://stacks.cdc.gov/view/cdc/52337
50304,"Early Results of States’ Efforts to Support, Scale, and Sustain the National Diabetes Prevention Program",https://stacks.cdc.gov/view/cdc/50304
49464,A Diabetic Retinopathy Screening Tool for Low-Income Adults in Mexico,https://stacks.cdc.gov/view/cdc/49464
49460,"Using Geographical Convergence of Obesity, Cardiovascular Disease, and Type 2 Diabetes at the Neighborhood Level to Inform Policy and Practice",https://stacks.cdc.gov/view/cdc/49460
49457,A Diabetes Pay-for-Performance Program and Risks of Cancer Incidence and Death in Patients With Type 2 Diabetes in Taiwan,https://stacks.cdc.gov/view/cdc/49457
48070,A Framework for Implementing the National Diabetes Prevention Program in Los Angeles County,https://stacks.cdc.gov/view/cdc/48070
47763,A Home-Based Type 2 Diabetes Self-Management Intervention in Rural Guatemala,https://stacks.cdc.gov/view/cdc/47763
47462,"A Formative Evaluation of a Diabetes Prevention Program Using the RE-AIM Framework in a Learning Health Care System, Utah, 2013–2015",https://stacks.cdc.gov/view/cdc/47462
46733,A Feasibility Study of Supply and Demand for Diabetes Prevention Programs in North Carolina,https://stacks.cdc.gov/view/cdc/46733
40971,"Racial/Ethnic Disparities in Primary Care Quality Among Type 2 Diabetes Patients, Medical Expenditure Panel Survey, 2012",https://stacks.cdc.gov/view/cdc/40971
40762,"Using Qualitative Methods to Understand Physical Activity and Weight Management Among Bangladeshis in New York City, 2013",https://stacks.cdc.gov/view/cdc/40762
37180,"A Randomized Controlled Trial Translating the Diabetes Prevention Program to a University Worksite, Ohio, 2012–2014",https://stacks.cdc.gov/view/cdc/37180
36133,"The State of Evaluation Research on Food Policies to Reduce Obesity and Diabetes Among Adults in the United States, 2000–2011",https://stacks.cdc.gov/view/cdc/36133
35567,Long-Term Impact of a Community Health Worker Intervention on Diabetes Control in American Samoa,https://stacks.cdc.gov/view/cdc/35567
31366,"Evaluating Diabetes Mobile Applications for Health Literate Designs and Functionality, 2014",https://stacks.cdc.gov/view/cdc/31366
29611,"A Comparison of Cardiometabolic Risk Factors in Households in Rural Uganda With and Without a Resident With Type 2 Diabetes, 2012–2013",https://stacks.cdc.gov/view/cdc/29611
26741,Exploring Better Links Between Clinics and Communities to Improve Population Health,https://stacks.cdc.gov/view/cdc/26741
26740,"Factors Associated With Daily Consumption of Sugar-Sweetened Beverages Among Adult Patients at Four Federally Qualified Health Centers, Bronx, New York, 2013",https://stacks.cdc.gov/view/cdc/26740
26402,Ohio Primary Health Care Providers’ Practices and Attitudes Regarding Screening Women With Prior Gestational Diabetes for Type 2 Diabetes Mellitus — 2010,https://stacks.cdc.gov/view/cdc/26402
26463,"Blood Glucose Screening Rates Among Minnesota Adults With Hypertension, Behavioral Risk Factor Surveillance System, 2011",https://stacks.cdc.gov/view/cdc/26463
26132,"Trends in Diabetes and Cardiometabolic Conditions in a Canadian First Nation Community, 2002–2003 to 2011–2012",https://stacks.cdc.gov/view/cdc/26132
24740,"The Geography of Diabetes by Census Tract in a Large Sample of Insured Adults in King County, Washington, 2005–2006",https://stacks.cdc.gov/view/cdc/24740
24402,"Implementation and Outcomes of the New York State YMCA Diabetes Prevention Program: A Multisite Community-Based Translation, 2010–2012",https://stacks.cdc.gov/view/cdc/24402
23491,A Self-Management Intervention for African Americans With Comorbid Diabetes and Hypertension: A Pilot Randomized Controlled Trial,https://stacks.cdc.gov/view/cdc/23491
22055,Diabetes Prevention in Hispanics: Report From a Randomized Controlled Trial,https://stacks.cdc.gov/view/cdc/22055
21008,"Gestational Age, Infant Birth Weight, and Subsequent Risk of Type 2 Diabetes in Mothers: Nurses’ Health Study II",https://stacks.cdc.gov/view/cdc/21008
19628,Designing a Natural Experiment to Evaluate a National Health Care–Community Partnership to Prevent Type 2 Diabetes,https://stacks.cdc.gov/view/cdc/19628
19714,Lasting Effects of a 2-Year Diabetes Self-Management Support Intervention: Outcomes at 1-Year Follow-Up,https://stacks.cdc.gov/view/cdc/19714
19713,"South Asian American Perspectives on Overweight, Obesity, and the Relationship Between Weight and Health",https://stacks.cdc.gov/view/cdc/19713
19711,"Independent Association of Waist Circumference With Hypertension and Diabetes in African American Women, South Carolina, 2007–2009",https://stacks.cdc.gov/view/cdc/19711
19766,Missed Opportunities for Providing Low-Fat Dietary Advice to People With Diabetes,https://stacks.cdc.gov/view/cdc/19766
19744,Cost-Effectiveness Analysis of a Community Health Worker Intervention for Low-Income Hispanic Adults with Diabetes,https://stacks.cdc.gov/view/cdc/19744
20595,Forecasting Diabetes Prevalence in California: A Microsimulation,https://stacks.cdc.gov/view/cdc/20595
20541,"Prevalence of Diabetes and Impaired Fasting Glucose in Chinese Adults, China National Nutrition and Health Survey, 2002",https://stacks.cdc.gov/view/cdc/20541
20499,"Cost-Effectiveness Analysis of Efforts to Reduce Risk of Type 2 Diabetes and Cardiovascular Disease in Southwestern Pennsylvania, 2005-2007",https://stacks.cdc.gov/view/cdc/20499
20487,"Identifying Populations at High Risk for Diabetes With the Behavioral Risk Factor Surveillance System, Rhode Island, 2003",https://stacks.cdc.gov/view/cdc/20487
20446,"Pedometer Use Among Adults at High Risk of Type 2 Diabetes, Finland, 2007-2008",https://stacks.cdc.gov/view/cdc/20446
20422,Factors Predicting Glycemic Control in Middle-Aged and Older Adults With Type 2 Diabetes,https://stacks.cdc.gov/view/cdc/20422
20408,A Diabetes Self-Management Program Designed for Urban American Indians,https://stacks.cdc.gov/view/cdc/20408
20369,A Socioeconomic Analysis of Obesity and Diabetes in New York City,https://stacks.cdc.gov/view/cdc/20369
4161,"The Culture, Community, and Science of Type 2 Diabetes Prevention in the US Associated Pacific Islands",https://stacks.cdc.gov/view/cdc/4161
20255,"Living With Ma’i Suka: Individual, Familial, Cultural, and Environmental Stress Among Patients With Type 2 Diabetes Mellitus and Their Caregivers in American Samoa",https://stacks.cdc.gov/view/cdc/20255
20206,Translating a Community-Based Motivational Support Program to Increase Physical Activity Among Older Adults With Diabetes at Community Clinics: A Pilot Study of Physical Activity for a Lifetime of Success (PALS),https://stacks.cdc.gov/view/cdc/20206
20205,"Obesity and Diabetes in Jordan: Findings From the Behavioral Risk Factor Surveillance System, 2004",https://stacks.cdc.gov/view/cdc/20205
20203,"Variation in Quality of Diabetes Care at the Levels of Patient, Physician, and Clinic",https://stacks.cdc.gov/view/cdc/20203
20165,From Program to Policy: Expanding the Role of Community Coalitions,https://stacks.cdc.gov/view/cdc/20165
20117,"Mexican Americans With Type 2 Diabetes: Perspectives on Definitions, Motivators, and Programs of Physical Activity",https://stacks.cdc.gov/view/cdc/20117
20102,Modifiable Risk Factors for Developing Diabetes Among Women With Previous Gestational Diabetes,https://stacks.cdc.gov/view/cdc/20102
20101,The Epidemic of Extreme Obesity Among American Indian and Alaska Native Adults With Diabetes,https://stacks.cdc.gov/view/cdc/20101
20106,The Healthy Diabetes Plate,https://stacks.cdc.gov/view/cdc/20106
20083,Identifying Supports and Barriers to Physical Activity in Patients at Risk for Diabetes,https://stacks.cdc.gov/view/cdc/20083
20039,Cherokee Choices: A Diabetes Prevention Program for American Indians,https://stacks.cdc.gov/view/cdc/20039
20068,A Church-based Diabetes Self-management Education Program for African Americans With Type 2 Diabetes,https://stacks.cdc.gov/view/cdc/20068
19997,Barriers to Diabetes Self-management Education Programs in Underserved Rural Arkansas: Implications for Program Evaluation,https://stacks.cdc.gov/view/cdc/19997
4090,The Annual African American Conference on Diabetes: Evolving Program Evaluation With Evolving Program Implementation,https://stacks.cdc.gov/view/cdc/4090
4092,Development of the Diabetes Indicators and Data Sources Internet Tool (DIDIT),https://stacks.cdc.gov/view/cdc/4092
4095,A Six-Step Model for Evaluation of Community-based Physical Activity Programs,https://stacks.cdc.gov/view/cdc/4095
19890,Toward Prevention and Control of Type 2 Diabetes: Challenges at the U.S.-Mexico Border and Beyond1,https://stacks.cdc.gov/view/cdc/19890
4069,Predictors of Dropouts From a San Diego Diabetes Program: A Case Control Study,https://stacks.cdc.gov/view/cdc/4069
