cdc_id,PID,title,authors,publication_date,landing_page,pdf_url,local_pdf,screening_status,prevention_score,treatment_score
37180,cdc:37180,"A Randomized Controlled Trial Translating the Diabetes Prevention Program to a University Worksite, Ohio, 2012–2014","Weinhold\, Kellie R.,Miller\, Carla K.,Marrero\, David G.,Nagaraja\, Haikady N.,Focht\, Brian C.,Gascon\, Gregg M.",,https://stacks.cdc.gov/view/cdc/37180,https://stacks.cdc.gov/view/cdc/37180/cdc_37180_DS1.pdf,source_documents/cdc_37180.pdf,Include,32,0
47462,cdc:47462,"A Formative Evaluation of a Diabetes Prevention Program Using the RE-AIM Framework in a Learning Health Care System, Utah, 2013–2015","Brunisholz\, Kimberly D.,Kim\, Jaewhan,Savitz\, Lucy A.,Hashibe\, Mia,Gren\, Lisa H.,Hamilton\, Sharon,Huynh\, Kelly,Joy\, Elizabeth A.",,https://stacks.cdc.gov/view/cdc/47462,https://stacks.cdc.gov/view/cdc/47462/cdc_47462_DS1.pdf,source_documents/cdc_47462.pdf,Include,30,0
48070,cdc:48070,A Framework for Implementing the National Diabetes Prevention Program in Los Angeles County,"Mosst\, Jennifer T.,DeFosset\, Amelia,Gase\, Lauren,Baetscher\, Laura,Kuo\, Tony",,https://stacks.cdc.gov/view/cdc/48070,https://stacks.cdc.gov/view/cdc/48070/cdc_48070_DS1.pdf,source_documents/cdc_48070.pdf,Include,29,0
24402,cdc:24402,"Implementation and Outcomes of the New York State YMCA Diabetes Prevention Program: A Multisite Community-Based Translation, 2010–2012","Bozack\, Anne,Millstein\, Susan,Garcel\, Jacqueline Martinez,Kelly\, Kim,Ruberto\, Rachael,Weiss\, Linda",,https://stacks.cdc.gov/view/cdc/24402,https://stacks.cdc.gov/view/cdc/24402/cdc_24402_DS1.pdf,source_documents/cdc_24402.pdf,Include,26,0
151112,cdc:151112,"Factors Influencing the Referral of Patients with Prediabetes to a Diabetes Prevention Program in the Bronx, New York","Stephenson-Hunter\, Cara,Pacheco\, Giovanni,Kim\, Ryung S.,Gao\, Qi,Hosgood\, H. Dean,Chambers\, Earle C.",,https://stacks.cdc.gov/view/cdc/151112,https://stacks.cdc.gov/view/cdc/151112/cdc_151112_DS1.pdf,source_documents/cdc_151112.pdf,Include,24,0
50304,cdc:50304,"Early Results of States’ Efforts to Support, Scale, and Sustain the National Diabetes Prevention Program","Mensa-Wilmot\, Yvonne,Bowen\, Shelly-Ann,Rutledge\, Stephanie,Morgan\, Jennifer Murphy,Bonner\, Timethia,Farris\, Kimberly,Blacher\, Rachel,Rutledge\, Gia",,https://stacks.cdc.gov/view/cdc/50304,https://stacks.cdc.gov/view/cdc/50304/cdc_50304_DS1.pdf,source_documents/cdc_50304.pdf,Include,24,0
19628,cdc:19628,Designing a Natural Experiment to Evaluate a National Health Care–Community Partnership to Prevent Type 2 Diabetes,"Ackermann\, Ronald T.,Holmes\, Ann M.,Saha\, Chandan",,https://stacks.cdc.gov/view/cdc/19628,https://stacks.cdc.gov/view/cdc/19628/cdc_19628_DS1.pdf,source_documents/cdc_19628.pdf,Include,23,0
46733,cdc:46733,A Feasibility Study of Supply and Demand for Diabetes Prevention Programs in North Carolina,"Alva\, Maria L.,Samuel-Hodge\, Carmen D.,Porterfield\, Deborah,Thomas\, Tainayah,Leeman\, Jennifer",,https://stacks.cdc.gov/view/cdc/46733,https://stacks.cdc.gov/view/cdc/46733/cdc_46733_DS1.pdf,source_documents/cdc_46733.pdf,Include,21,0
20039,cdc:20039,Cherokee Choices: A Diabetes Prevention Program for American Indians,"Bachar\, Jeffrey J,Lefler\, Lisa J,Reed\, Lori,McCoy\, Tara,Bailey\, Robin,Bell\, Ronny",,https://stacks.cdc.gov/view/cdc/20039,https://stacks.cdc.gov/view/cdc/20039/cdc_20039_DS1.pdf,source_documents/cdc_20039.pdf,Include,20,0
20499,cdc:20499,"Cost-Effectiveness Analysis of Efforts to Reduce Risk of Type 2 Diabetes and Cardiovascular Disease in Southwestern Pennsylvania, 2005-2007","Smith\, Kenneth J.,Bryce\, Cindy L.,Hsu\, Heather E.,Roberts\, Mark S.,Kramer\, M. Kaye,Orchard\, Trevor J.,Piatt\, Gretchen A.,Seidel\, Miriam C.,Zgibor\, Janice C.",,https://stacks.cdc.gov/view/cdc/20499,https://stacks.cdc.gov/view/cdc/20499/cdc_20499_DS1.pdf,source_documents/cdc_20499.pdf,Include,14,0
55292,cdc:55292,Outcomes and Economic Benefits of Penn State Extension’s Dining With Diabetes Program,"Griffie\, Debra,James\, Lynn,Goetz\, Stephan,Balotti\, Brandon,Shr\, Yau-Huo,Corbin\, Marilyn,Kelsey\, Timothy W.",,https://stacks.cdc.gov/view/cdc/55292,https://stacks.cdc.gov/view/cdc/55292/cdc_55292_DS1.pdf,source_documents/cdc_55292.pdf,Include,12,0
22055,cdc:22055,Diabetes Prevention in Hispanics: Report From a Randomized Controlled Trial,"Duggan\, Catherine,Carosso\, Elizabeth,Mariscal\, Norma,Islas\, Ilda,Ibarra\, Genoveva,Holte\, Sarah,Copeland\, Wade,Linde\, Sandra,Thompson\, Beti",,https://stacks.cdc.gov/view/cdc/22055,https://stacks.cdc.gov/view/cdc/22055/cdc_22055_DS1.pdf,source_documents/cdc_22055.pdf,Include,12,0
53200,cdc:53200,When Should “Pre” Carry as Much Weight in the Diabetes Comorbidity Debate? Insights From a Population-Based Survey,"Iranfar\, Negin,Smith\, Tyler C.",,https://stacks.cdc.gov/view/cdc/53200,https://stacks.cdc.gov/view/cdc/53200/cdc_53200_DS1.pdf,source_documents/cdc_53200.pdf,Include,11,0
4161,cdc:4161,"The Culture, Community, and Science of Type 2 Diabetes Prevention in the US Associated Pacific Islands","Hosey\, Gwen,Aitaoto\, Nia,Satterfield\, Dawn,Kelly\, Jane,Apaisam\, Carter J.,Belyeu-Camacho\, Tayna,deBrum\, Ione,Solidum Luces\, Patrick,Rengiil\, Augusta,Turituri\, Pasa",,https://stacks.cdc.gov/view/cdc/4161,https://stacks.cdc.gov/view/cdc/4161/cdc_4161_DS1.pdf,source_documents/cdc_4161.pdf,Include,11,0
151083,cdc:151083,"Prevalence of Testing for Diabetes Among US Adults With Overweight or Obesity, 2016–2019","Chen\, Yu,Lundeen\, Elizabeth A.,Koyama\, Alain K.,Kompaniyets\, Lyudmyla,Andes\, Linda J.,Benoit\, Stephen R.,Imperatore\, Giuseppina,Rolka\, Deborah B.",,https://stacks.cdc.gov/view/cdc/151083,https://stacks.cdc.gov/view/cdc/151083/cdc_151083_DS1.pdf,source_documents/cdc_151083.pdf,Include,10,0
20083,cdc:20083,Identifying Supports and Barriers to Physical Activity in Patients at Risk for Diabetes,"Donahue\, Katrina E,Mielenz\, Thelma J,Callahan\, Leigh F,Sloane\, Philip D,Devellis\, Robert F",,https://stacks.cdc.gov/view/cdc/20083,https://stacks.cdc.gov/view/cdc/20083/cdc_20083_DS1.pdf,source_documents/cdc_20083.pdf,Include,9,0
29611,cdc:29611,"A Comparison of Cardiometabolic Risk Factors in Households in Rural Uganda With and Without a Resident With Type 2 Diabetes, 2012–2013","Nielsen\, Jannie,Bahendeka\, Silver K.,Gregg\, Edward W.,Whyte\, Susan R.,Bygbjerg\, Ib C.,Meyrowitsch\, Dan W.",,https://stacks.cdc.gov/view/cdc/29611,https://stacks.cdc.gov/view/cdc/29611/cdc_29611_DS1.pdf,source_documents/cdc_29611.pdf,Include,8,0
20595,cdc:20595,Forecasting Diabetes Prevalence in California: A Microsimulation,"Shi\, Lu,van Meijgaard\, Jeroen,Fielding\, Jonathan",,https://stacks.cdc.gov/view/cdc/20595,https://stacks.cdc.gov/view/cdc/20595/cdc_20595_DS1.pdf,source_documents/cdc_20595.pdf,Include,8,4
26463,cdc:26463,"Blood Glucose Screening Rates Among Minnesota Adults With Hypertension, Behavioral Risk Factor Surveillance System, 2011","Kidney\, Renée S.M.,Peacock\, James M.,Smith\, Steven A.",,https://stacks.cdc.gov/view/cdc/26463,https://stacks.cdc.gov/view/cdc/26463/cdc_26463_DS1.pdf,source_documents/cdc_26463.pdf,Include,7,0
21008,cdc:21008,"Gestational Age, Infant Birth Weight, and Subsequent Risk of Type 2 Diabetes in Mothers: Nurses’ Health Study II","James-Todd\, Tamarra M.,Karumanchi\, S. Ananth,Hibert\, Eileen L.,Mason\, Susan M.,Vadnais\, Mary A.,Hu\, Frank B.,Rich-Edwards\, Janet W.",,https://stacks.cdc.gov/view/cdc/21008,https://stacks.cdc.gov/view/cdc/21008/cdc_21008_DS1.pdf,source_documents/cdc_21008.pdf,Include,6,0
20206,cdc:20206,Translating a Community-Based Motivational Support Program to Increase Physical Activity Among Older Adults With Diabetes at Community Clinics: A Pilot Study of Physical Activity for a Lifetime of Success (PALS),"Phelan\, Elizabeth A,Batik\, Odette,Walwick\, Julie A,Wang\, Grace,LoGerfo\, James P",,https://stacks.cdc.gov/view/cdc/20206,https://stacks.cdc.gov/view/cdc/20206/cdc_20206_DS1.pdf,source_documents/cdc_20206.pdf,Include,6,0
20117,cdc:20117,"Mexican Americans With Type 2 Diabetes: Perspectives on Definitions, Motivators, and Programs of Physical Activity","Mier\, Nelda,Medina\, Alvaro A,Ory\, Marcia G",,https://stacks.cdc.gov/view/cdc/20117,https://stacks.cdc.gov/view/cdc/20117/cdc_20117_DS1.pdf,source_documents/cdc_20117.pdf,Include,6,0
20102,cdc:20102,Modifiable Risk Factors for Developing Diabetes Among Women With Previous Gestational Diabetes,"Yun\, Shumei,Kabeer\, Nisreen H,Zhu\, Bao-Ping,Brownson\, Ross C",,https://stacks.cdc.gov/view/cdc/20102,https://stacks.cdc.gov/view/cdc/20102/cdc_20102_DS1.pdf,source_documents/cdc_20102.pdf,Include,6,0
113215,cdc:113215,Type 2 Diabetes Among Filipino American Adults in the Multiethnic Cohort,"Raquinio\, Phyllis Aira Sheer H.,Maskarinec\, Gertraud,Dela Cruz\, Rica,Setiawan\, Veronica W.,Kristal\, Bruce S.,Wilkens\, Lynne R.,Le Marchand\, Loïc",,https://stacks.cdc.gov/view/cdc/113215,https://stacks.cdc.gov/view/cdc/113215/cdc_113215_DS1.pdf,source_documents/cdc_113215.pdf,Include,5,0
49460,cdc:49460,"Using Geographical Convergence of Obesity, Cardiovascular Disease, and Type 2 Diabetes at the Neighborhood Level to Inform Policy and Practice","Smurthwaite\, Kayla,Bagheri\, Nasser",,https://stacks.cdc.gov/view/cdc/49460,https://stacks.cdc.gov/view/cdc/49460/cdc_49460_DS1.pdf,source_documents/cdc_49460.pdf,Include,5,0
40762,cdc:40762,"Using Qualitative Methods to Understand Physical Activity and Weight Management Among Bangladeshis in New York City, 2013","Riley\, Lindsey,Mili\, Saima,Trinh-Shevrin\, Chau,Islam\, Nadia",,https://stacks.cdc.gov/view/cdc/40762,https://stacks.cdc.gov/view/cdc/40762/cdc_40762_DS1.pdf,source_documents/cdc_40762.pdf,Include,5,0
24740,cdc:24740,"The Geography of Diabetes by Census Tract in a Large Sample of Insured Adults in King County, Washington, 2005–2006","Drewnowski\, Adam,Rehm\, Colin D.,Moudon\, Anne V.,Arterburn\, David",,https://stacks.cdc.gov/view/cdc/24740,https://stacks.cdc.gov/view/cdc/24740/cdc_24740_DS1.pdf,source_documents/cdc_24740.pdf,Include,5,0
19711,cdc:19711,"Independent Association of Waist Circumference With Hypertension and Diabetes in African American Women, South Carolina, 2007–2009","Warren\, Tatiana Y.,Wilcox\, Sara,Dowda\, Marsha,Baruth\, Meghan",,https://stacks.cdc.gov/view/cdc/19711,https://stacks.cdc.gov/view/cdc/19711/cdc_19711_DS1.pdf,source_documents/cdc_19711.pdf,Include,5,0
20205,cdc:20205,"Obesity and Diabetes in Jordan: Findings From the Behavioral Risk Factor Surveillance System, 2004","Walke\, Henry,Mokdad\, Ali H,Zindah\, Meyasser,Belbeisi\, Adel",,https://stacks.cdc.gov/view/cdc/20205,https://stacks.cdc.gov/view/cdc/20205/cdc_20205_DS1.pdf,source_documents/cdc_20205.pdf,Include,5,0
19997,cdc:19997,Barriers to Diabetes Self-management Education Programs in Underserved Rural Arkansas: Implications for Program Evaluation,"Balamurugan\, Appathurai,Rivera\, Mark,Jack\, Leonard,Morris\, Sharon,Allen\, Kristen",,https://stacks.cdc.gov/view/cdc/19997,https://stacks.cdc.gov/view/cdc/19997/cdc_19997_DS1.pdf,source_documents/cdc_19997.pdf,Include,5,3
4090,cdc:4090,The Annual African American Conference on Diabetes: Evolving Program Evaluation With Evolving Program Implementation,"Houston\, Jacquelyn M,Martin\, Maurice,Williams\, Joel E,Hill\, Rhonda L",,https://stacks.cdc.gov/view/cdc/4090,https://stacks.cdc.gov/view/cdc/4090/cdc_4090_DS1.pdf,source_documents/cdc_4090.pdf,Include,5,3
36133,cdc:36133,"The State of Evaluation Research on Food Policies to Reduce Obesity and Diabetes Among Adults in the United States, 2000–2011","Freudenberg\, Nicholas,Franzosa\, Emily,Sohler\, Nancy,Li\, Rui,Devlin\, Heather,Albu\, Jeanine",,https://stacks.cdc.gov/view/cdc/36133,https://stacks.cdc.gov/view/cdc/36133/cdc_36133_DS1.pdf,source_documents/cdc_36133.pdf,Maybe,4,0
19713,cdc:19713,"South Asian American Perspectives on Overweight, Obesity, and the Relationship Between Weight and Health","Tang\, Joyce W.,Mason\, Maryann,Kushner\, Robert F.,Tirodkar\, Manasi A.,Khurana\, Neerja,Kandula\, Namratha R.",,https://stacks.cdc.gov/view/cdc/19713,https://stacks.cdc.gov/view/cdc/19713/cdc_19713_DS1.pdf,source_documents/cdc_19713.pdf,Maybe,4,0
20541,cdc:20541,"Prevalence of Diabetes and Impaired Fasting Glucose in Chinese Adults, China National Nutrition and Health Survey, 2002","Liu\, Shuqian,Wang\, Wenyu,Yang\, Xiaoguang,Lee\, Elisa T.,Zhang\, Jian,He\, Yuna,Piao\, Jianhua,Yao\, Chonghua,Zeng\, Zhechun,Howard\, Barbara V.,Fabsitz\, Richard R.,Best\, Lyle",,https://stacks.cdc.gov/view/cdc/20541,https://stacks.cdc.gov/view/cdc/20541/cdc_20541_DS1.pdf,source_documents/cdc_20541.pdf,Maybe,4,0
20422,cdc:20422,Factors Predicting Glycemic Control in Middle-Aged and Older Adults With Type 2 Diabetes,"Chiu\, Ching-Ju,Wray\, Linda A.",,https://stacks.cdc.gov/view/cdc/20422,https://stacks.cdc.gov/view/cdc/20422/cdc_20422_DS1.pdf,source_documents/cdc_20422.pdf,Maybe,4,5
4092,cdc:4092,Development of the Diabetes Indicators and Data Sources Internet Tool (DIDIT),"Mukhtar\, Qaiser,Mehta\, Prachi,Brody\, Erica R.,Camponeschi\, Jenny,Friedrichs\, Michael,Ralls\, Brenda,Kemple\, Angela M.",,https://stacks.cdc.gov/view/cdc/4092,https://stacks.cdc.gov/view/cdc/4092/cdc_4092_DS1.pdf,source_documents/cdc_4092.pdf,Maybe,4,0
150999,cdc:150999,Risk Prediction Score for Chronic Kidney Disease in Healthy Adults and Adults With Type 2 Diabetes: Systematic Review,"González-Rocha\, Alejandra,Colli\, Victor A.,Denova-Gutiérrez\, Edgar",,https://stacks.cdc.gov/view/cdc/150999,https://stacks.cdc.gov/view/cdc/150999/cdc_150999_DS1.pdf,source_documents/cdc_150999.pdf,Maybe,3,2
49464,cdc:49464,A Diabetic Retinopathy Screening Tool for Low-Income Adults in Mexico,"Mendoza-Herrera\, Kenny,Quezada\, Amado D.,Pedroza-Tobías\, Andrea,Hernández-Alcaraz\, Cesar,Fromow-Guerra\, Jans,Barquera\, Simón",,https://stacks.cdc.gov/view/cdc/49464,https://stacks.cdc.gov/view/cdc/49464/cdc_49464_DS1.pdf,source_documents/cdc_49464.pdf,Maybe,3,4
26402,cdc:26402,Ohio Primary Health Care Providers’ Practices and Attitudes Regarding Screening Women With Prior Gestational Diabetes for Type 2 Diabetes Mellitus — 2010,"Rodgers\, Loren,Conrey\, Elizabeth J.,Wapner\, Andrew,Ko\, Jean Y.,Dietz\, Patricia M.,Oza-Frank\, Reena",,https://stacks.cdc.gov/view/cdc/26402,https://stacks.cdc.gov/view/cdc/26402/cdc_26402_DS1.pdf,source_documents/cdc_26402.pdf,Maybe,3,0
26132,cdc:26132,"Trends in Diabetes and Cardiometabolic Conditions in a Canadian First Nation Community, 2002–2003 to 2011–2012","Riediger\, Natalie D.,Lix\, Lisa M.,Lukianchuk\, Virginia,Bruce\, Sharon",,https://stacks.cdc.gov/view/cdc/26132,https://stacks.cdc.gov/view/cdc/26132/cdc_26132_DS1.pdf,source_documents/cdc_26132.pdf,Maybe,3,0
23491,cdc:23491,A Self-Management Intervention for African Americans With Comorbid Diabetes and Hypertension: A Pilot Randomized Controlled Trial,"Lynch\, Elizabeth B.,Liebman\, Rebecca,Ventrelle\, Jennifer,Avery\, Elizabeth F.,Richardson\, DeJuran",,https://stacks.cdc.gov/view/cdc/23491,https://stacks.cdc.gov/view/cdc/23491/cdc_23491_DS1.pdf,source_documents/cdc_23491.pdf,Maybe,3,6
19714,cdc:19714,Lasting Effects of a 2-Year Diabetes Self-Management Support Intervention: Outcomes at 1-Year Follow-Up,"Tang\, Tricia S.,Funnell\, Martha M.,Oh\, Mary",,https://stacks.cdc.gov/view/cdc/19714,https://stacks.cdc.gov/view/cdc/19714/cdc_19714_DS1.pdf,source_documents/cdc_19714.pdf,Maybe,3,6
19744,cdc:19744,Cost-Effectiveness Analysis of a Community Health Worker Intervention for Low-Income Hispanic Adults with Diabetes,"Brown\, H. Shelton,Wilson\, Kimberly J.,Pagán\, José A.,Arcari\, Christine M.,Martinez\, Martha,Smith\, Kirk,Reininger\, Belinda",,https://stacks.cdc.gov/view/cdc/19744,https://stacks.cdc.gov/view/cdc/19744/cdc_19744_DS1.pdf,source_documents/cdc_19744.pdf,Maybe,3,0
20487,cdc:20487,"Identifying Populations at High Risk for Diabetes With the Behavioral Risk Factor Surveillance System, Rhode Island, 2003","Wojcik\, Kathryn,Gjelsvik\, Annie,Goldman\, Dona",,https://stacks.cdc.gov/view/cdc/20487,https://stacks.cdc.gov/view/cdc/20487/cdc_20487_DS1.pdf,source_documents/cdc_20487.pdf,Maybe,3,0
20068,cdc:20068,A Church-based Diabetes Self-management Education Program for African Americans With Type 2 Diabetes,"Samuel-Hodge\, Carmen D.,Keyserling\, Thomas C.,France\, Renaé.,Ingram\, Allyson F.,Johnston\, Larry F.,Pullen Davis\, Lisa,Davis\, Gwen,Cole\, Anne S.",,https://stacks.cdc.gov/view/cdc/20068,https://stacks.cdc.gov/view/cdc/20068/cdc_20068_DS1.pdf,source_documents/cdc_20068.pdf,Maybe,3,5
151020,cdc:151020,Development and Evaluation of the Delivery-Based HEALED Produce Rx Program for Uninsured Patients With Diabetes in Rural Eastern North Carolina,"Sastre\, Lauren R.,Stroud\, Brandon,Smith\, Elisa,Hendrix\, Khadijah,McBride\, Olivia",,https://stacks.cdc.gov/view/cdc/151020,https://stacks.cdc.gov/view/cdc/151020/cdc_151020_DS1.pdf,source_documents/cdc_151020.pdf,Maybe,2,3
150995,cdc:150995,"“Make Stories That Will Always Be There”: Eagle Books’ Appeal, Sustainability, and Contributions to Public Health, 2006–2022","Satterfield\, Dawn,DeBruyn\, Lemyra,Lofton\, Teresa,Francis\, Carolee Dodge,Zoumenou\, Virginie,DeCora\, Lorelei,Wesner\, Chelsea",,https://stacks.cdc.gov/view/cdc/150995,https://stacks.cdc.gov/view/cdc/150995/cdc_150995_DS1.pdf,source_documents/cdc_150995.pdf,Maybe,2,0
84978,cdc:84978,Evidence-Based Interventions for High Blood Pressure and Glycemic Control Among Illinois Health Systems,"Price\, Janae D.,Jayaprakash\, Manasi,McKay\, Cristina M.,Amerson\, Nancy L.,Jimenez\, Paula L.,Barbour\, Kamil E.,Cunningham\, Timothy J.",,https://stacks.cdc.gov/view/cdc/84978,https://stacks.cdc.gov/view/cdc/84978/cdc_84978_DS1.pdf,source_documents/cdc_84978.pdf,Maybe,2,9
52337,cdc:52337,"Implementing Key Drivers for Diabetes Self-Management Education and Support Programs: Early Outcomes, Activities, Facilitators, and Barriers","Morgan\, Jennifer Murphy,Mensa-Wilmot\, Yvonne,Bowen\, Shelly-Ann,Murphy\, Monica,Bonner\, Timethia,Rutledge\, Stephanie,Rutledge\, Gia",,https://stacks.cdc.gov/view/cdc/52337,https://stacks.cdc.gov/view/cdc/52337/cdc_52337_DS1.pdf,source_documents/cdc_52337.pdf,Maybe,2,3
49457,cdc:49457,A Diabetes Pay-for-Performance Program and Risks of Cancer Incidence and Death in Patients With Type 2 Diabetes in Taiwan,"Hsieh\, Hui-Min,He\, Jiun-Shiuan,Shin\, Shyi-Jang,Chiu\, Herng-Chia,Lee\, Charles Tzu-Chi",,https://stacks.cdc.gov/view/cdc/49457,https://stacks.cdc.gov/view/cdc/49457/cdc_49457_DS1.pdf,source_documents/cdc_49457.pdf,Maybe,2,0
26740,cdc:26740,"Factors Associated With Daily Consumption of Sugar-Sweetened Beverages Among Adult Patients at Four Federally Qualified Health Centers, Bronx, New York, 2013","Kristal\, Ross B.,Blank\, Arthur E.,Wylie-Rosett\, Judith,Selwyn\, Peter A.",,https://stacks.cdc.gov/view/cdc/26740,https://stacks.cdc.gov/view/cdc/26740/cdc_26740_DS1.pdf,source_documents/cdc_26740.pdf,Maybe,2,0
19766,cdc:19766,Missed Opportunities for Providing Low-Fat Dietary Advice to People With Diabetes,"Lobo\, Ingrid E.,Loeb\, Danielle F.,Ghushchyan\, Vahram,Schauer\, Irene E.,Huebschmann\, Amy G.",,https://stacks.cdc.gov/view/cdc/19766,https://stacks.cdc.gov/view/cdc/19766/cdc_19766_DS1.pdf,source_documents/cdc_19766.pdf,Maybe,2,0
20165,cdc:20165,From Program to Policy: Expanding the Role of Community Coalitions,"Hill\, Anne,Guernsey De Zapien\, Jill,Staten\, Lisa K,McClelland\, Deborah Jean,Moore-Monroy\, Martha,Meister\, Joel S,Garza\, Rebecca,Elenes\, JoJean,Steinfelt\, Victoria,Tittelbaugh\, Ila,Whitmer\, Evelyn",,https://stacks.cdc.gov/view/cdc/20165,https://stacks.cdc.gov/view/cdc/20165/cdc_20165_DS1.pdf,source_documents/cdc_20165.pdf,Maybe,2,0
4095,cdc:4095,A Six-Step Model for Evaluation of Community-based Physical Activity Programs,"Sarah\, Levin Martin,Heath\, Gregory W",,https://stacks.cdc.gov/view/cdc/4095,https://stacks.cdc.gov/view/cdc/4095/cdc_4095_DS1.pdf,source_documents/cdc_4095.pdf,Maybe,2,0
26741,cdc:26741,Exploring Better Links Between Clinics and Communities to Improve Population Health,"Briss\, Peter A.",,https://stacks.cdc.gov/view/cdc/26741,https://stacks.cdc.gov/view/cdc/26741/cdc_26741_DS1.pdf,source_documents/cdc_26741.pdf,Maybe,1,0
20446,cdc:20446,"Pedometer Use Among Adults at High Risk of Type 2 Diabetes, Finland, 2007-2008","Korkiakangas\, Eveliina,Alahuhta\, Maija A.,Laitinen\, Jaana H,Husman\, Päivi M.,Keinänen-Kiukaanniemi\, Sirkka,Taanila\, Anja M.",,https://stacks.cdc.gov/view/cdc/20446,https://stacks.cdc.gov/view/cdc/20446/cdc_20446_DS1.pdf,source_documents/cdc_20446.pdf,Maybe,1,0
20369,cdc:20369,A Socioeconomic Analysis of Obesity and Diabetes in New York City,"Wallach\, Jonathan B.,Rey\, Mariano J.",,https://stacks.cdc.gov/view/cdc/20369,https://stacks.cdc.gov/view/cdc/20369/cdc_20369_DS1.pdf,source_documents/cdc_20369.pdf,Maybe,1,0
20101,cdc:20101,The Epidemic of Extreme Obesity Among American Indian and Alaska Native Adults With Diabetes,"Wilson\, Charlton,Gilliland\, Susan,Moore\, Kelly,Acton\, Kelly",,https://stacks.cdc.gov/view/cdc/20101,https://stacks.cdc.gov/view/cdc/20101/cdc_20101_DS1.pdf,source_documents/cdc_20101.pdf,Maybe,1,2
20106,cdc:20106,The Healthy Diabetes Plate,"Raidl\, Martha,Spain\, Kristina,Hartman-Cunningham\, Mimi,Lanting\, Rhea,Lockard\, Marsha,Johnson\, Shelly,Spencer\, Marnie,Sant\, Laura,Welch\, Julia,Liddil\, Audrey",,https://stacks.cdc.gov/view/cdc/20106,https://stacks.cdc.gov/view/cdc/20106/cdc_20106_DS1.pdf,source_documents/cdc_20106.pdf,Maybe,1,0
4069,cdc:4069,Predictors of Dropouts From a San Diego Diabetes Program: A Case Control Study,"Benoit\, Stephen R.,Ji\, Ming,Fleming\, Regina,Philis-Tsimikas\, Athena",,https://stacks.cdc.gov/view/cdc/4069,https://stacks.cdc.gov/view/cdc/4069/cdc_4069_DS1.pdf,source_documents/cdc_4069.pdf,Maybe,1,0
151104,cdc:151104,"Public Belief in the Maternal Health Benefits of Breastfeeding — United States, 2018 and 2021","Boundy\, Ellen O.,Nelson\, Jennifer M.,Li\, Ruowei",,https://stacks.cdc.gov/view/cdc/151104,https://stacks.cdc.gov/view/cdc/151104/cdc_151104_DS1.pdf,source_documents/cdc_151104.pdf,Maybe,0,0
54001,cdc:54001,Health Care Disparities Between Men and Women With Type 2 Diabetes,"Mesa\, Marady Sabiaga",,https://stacks.cdc.gov/view/cdc/54001,https://stacks.cdc.gov/view/cdc/54001/cdc_54001_DS1.pdf,source_documents/cdc_54001.pdf,Maybe,0,0
40971,cdc:40971,"Racial/Ethnic Disparities in Primary Care Quality Among Type 2 Diabetes Patients, Medical Expenditure Panel Survey, 2012","Hu\, Ruwei,Shi\, Leiyu,Liang\, Hailun,Haile\, Geraldine Pierre,Lee\, De-Chih",,https://stacks.cdc.gov/view/cdc/40971,https://stacks.cdc.gov/view/cdc/40971/cdc_40971_DS1.pdf,source_documents/cdc_40971.pdf,Maybe,0,2
20203,cdc:20203,"Variation in Quality of Diabetes Care at the Levels of Patient, Physician, and Clinic","O'Connor\, Patrick J,Rush\, William A,Solberg\, Leif I,Whitebird\, Robin R,Crain\, A Lauren,Davidson\, Gestur,Johnson\, Paul E,Louis\, Thomas A",,https://stacks.cdc.gov/view/cdc/20203,https://stacks.cdc.gov/view/cdc/20203/cdc_20203_DS1.pdf,source_documents/cdc_20203.pdf,Maybe,0,2
19890,cdc:19890,Toward Prevention and Control of Type 2 Diabetes: Challenges at the U.S.-Mexico Border and Beyond1,"Bowman\, Barbara A,Vinicor\, Frank",,https://stacks.cdc.gov/view/cdc/19890,https://stacks.cdc.gov/view/cdc/19890/cdc_19890_DS1.pdf,source_documents/cdc_19890.pdf,Maybe,0,0
120395,cdc:120395,Urban–Rural Differences in Health Care Utilization and COVID-19 Outcomes in Patients With Type 2 Diabetes,"Hirsch\, Annemarie G.,Nordberg\, Cara M.,Bandeen-Roche\, Karen,Pollak\, Jonathan,Poulsen\, Melissa N.,Moon\, Katherine A.,Schwartz\, Brian S.",,https://stacks.cdc.gov/view/cdc/120395,https://stacks.cdc.gov/view/cdc/120395/cdc_120395_DS1.pdf,source_documents/cdc_120395.pdf,Exclude,1,5
150969,cdc:150969,"Coping With Discrimination Among African Americans With Type 2 Diabetes: Factor Structure and Associations With Diabetes Control, Mental Distress, and Psychosocial Resources","McLaurin\, Natalie,Tabibi\, Doonya,Wang\, Tianyu,Alhalimi\, Taha,Lehrer\, H. Matthew,Harrison\, Louis,Tanaka\, Hirofumi,Steinhardt\, Mary A.",,https://stacks.cdc.gov/view/cdc/150969,https://stacks.cdc.gov/view/cdc/150969/cdc_150969_DS1.pdf,source_documents/cdc_150969.pdf,Exclude,0,6
151110,cdc:151110,"Trends and Predictors of Glycemic Control Among Adults With Type 2 Diabetes Covered by Alabama Medicaid, 2011–2019","Presley\, Caroline A.,Khodneva\, Yulia,Juarez\, Lucia D.,Howell\, Carrie R.,Agne\, April A.,Riggs\, Kevin R.,Huang\, Lei,Pisu\, Maria,Levitan\, Emily B.,Cherrington\, Andrea L.",,https://stacks.cdc.gov/view/cdc/151110,https://stacks.cdc.gov/view/cdc/151110/cdc_151110_DS1.pdf,source_documents/cdc_151110.pdf,Exclude,0,8
150982,cdc:150982,Using Patient Profiles for Sustained Diabetes Management Among People With Type 2 Diabetes,"Chiou\, Shang-Jyh,Chang\, Yen-Jung,Chen\, Chih-Dao,Liao\, Kuomeng,Tseng\, Tung-Sung",,https://stacks.cdc.gov/view/cdc/150982,https://stacks.cdc.gov/view/cdc/150982/cdc_150982_DS1.pdf,source_documents/cdc_150982.pdf,Exclude,0,8
47763,cdc:47763,A Home-Based Type 2 Diabetes Self-Management Intervention in Rural Guatemala,"Flood\, David,Hawkins\, Jessica,Rohloff\, Peter",,https://stacks.cdc.gov/view/cdc/47763,https://stacks.cdc.gov/view/cdc/47763/cdc_47763_DS1.pdf,source_documents/cdc_47763.pdf,Exclude,0,5
35567,cdc:35567,Long-Term Impact of a Community Health Worker Intervention on Diabetes Control in American Samoa,"Rao\, Mayuree,DePue\, Judith D.,Dunsiger\, Shira,Elsayed\, Mohammad,Nu'usolia\, Ofeira,McGarvey\, Stephen T.",,https://stacks.cdc.gov/view/cdc/35567,https://stacks.cdc.gov/view/cdc/35567/cdc_35567_DS1.pdf,source_documents/cdc_35567.pdf,Exclude,0,8
31366,cdc:31366,"Evaluating Diabetes Mobile Applications for Health Literate Designs and Functionality, 2014","Caburnay\, Charlene A.,Graff\, Kaitlin,Harris\, Jenine K.,McQueen\, Amy,Smith\, Madeleine,Fairchild\, Maggie,Kreuter\, Matthew W.",,https://stacks.cdc.gov/view/cdc/31366,https://stacks.cdc.gov/view/cdc/31366/cdc_31366_DS1.pdf,source_documents/cdc_31366.pdf,Exclude,0,3
20408,cdc:20408,A Diabetes Self-Management Program Designed for Urban American Indians,"Castro\, Sarah,O'Toole\, Mary,Brownson\, Carol,Plessel\, Kimberly,Schauben\, Laura",,https://stacks.cdc.gov/view/cdc/20408,https://stacks.cdc.gov/view/cdc/20408/cdc_20408_DS1.pdf,source_documents/cdc_20408.pdf,Exclude,0,3
20255,cdc:20255,"Living With Ma’i Suka: Individual, Familial, Cultural, and Environmental Stress Among Patients With Type 2 Diabetes Mellitus and Their Caregivers in American Samoa","Elstad\, Emily,Tusiofo\, Corabelle,Rosen\, Rochelle K,McGarvey\, Stephen T",,https://stacks.cdc.gov/view/cdc/20255,https://stacks.cdc.gov/view/cdc/20255/cdc_20255_DS1.pdf,source_documents/cdc_20255.pdf,Exclude,0,3
